Complexity,Loss,Equation
1,0.42077395,"b"
2,0.010589221,"exp(xy)"
3,0.0012070725,"b / xy_N"
5,0.00025085296,"(xy_N + xy_N) / x"
6,8.7629596e-5,"exp(y / x) / xy_N"
8,1.4223935e-5,"x * (exp(x / y) / y)"
9,1.3830286e-5,"exp(exp((gy + y) / z)) / y"
10,2.4520568e-11,"-0.10290395"
14,2.4520443e-11,"xy_N * (-0.10290395 / xy_N)"
16,2.4519099e-11,"(b * -102.903946) / (bxy / xy_N)"
